股票代码,股票名称,交易日期,买卖方向,成交价格,成交数量(股),交易金额,当笔费用,买卖双边总费用,可用现金,持有股数,总资产,单笔盈亏(扣费后)
000503,国新健康,1992-12-01,买入,13.05,7600,99180.0,10.91,,809.09,7600,99989.09,
000503,国新健康,1992-12-03,卖出,12.35,7600,93860.0,57.25,68.16,94611.84,0,94611.84,-5388.16
000503,国新健康,1992-12-07,买入,12.9,7300,94170.0,10.36,,431.48,7300,94601.48,
000503,国新健康,1992-12-08,卖出,12.1,7300,88330.0,53.88,64.24,88707.6,0,88707.6,-5904.24
000503,国新健康,1992-12-31,买入,11.3,7800,88140.0,9.7,,557.9,7800,88697.9,
000503,国新健康,1993-02-15,卖出,19.9,7800,155220.0,94.68,104.38,155683.22,0,155683.22,66975.62
000503,国新健康,1993-02-25,买入,24.2,6400,154880.0,17.04,,786.18,6400,155666.18,
000503,国新健康,1993-03-01,卖出,22.05,6400,141120.0,86.08,103.12,141820.1,0,141820.1,-13863.12
000503,国新健康,1993-04-08,买入,16.7,8400,140280.0,15.43,,1524.67,8400,141804.67,
000503,国新健康,1993-05-02,卖出,16.0,8400,134400.0,81.98,97.41,135842.68,0,135842.68,-5977.41
000503,国新健康,1993-05-14,买入,15.55,8700,135285.0,14.88,,542.8,8700,135827.8,
000503,国新健康,1993-05-17,卖出,14.6,8700,127020.0,77.48,92.36,127485.32,0,127485.32,-8357.36
000503,国新健康,1993-06-03,买入,14.5,8700,126150.0,13.88,,1321.44,8700,127471.44,
000503,国新健康,1993-06-15,卖出,12.95,8700,112665.0,68.73,82.61,113917.72,0,113917.72,-13567.61
000503,国新健康,1993-06-18,买入,13.4,8400,112560.0,12.38,,1345.33,8400,113905.33,
000503,国新健康,1993-07-12,卖出,11.83,8400,99372.0,60.62,73.0,100656.72,0,100656.72,-13261.0
000503,国新健康,1993-07-30,买入,11.08,9000,99720.0,10.97,,925.75,9000,100645.75,
000503,国新健康,1993-08-30,卖出,13.7,9000,123300.0,75.21,86.18,124150.53,0,124150.53,23493.82
000503,国新健康,1993-10-04,买入,12.65,9700,122705.0,13.5,,1432.04,9700,124137.04,
000503,国新健康,1993-10-11,卖出,11.9,9700,115430.0,70.41,83.91,116791.62,0,116791.62,-7358.91
000503,国新健康,1993-11-10,买入,10.48,11100,116328.0,12.8,,450.83,11100,116778.83,
000503,国新健康,1993-11-29,卖出,10.4,11100,115440.0,70.42,83.22,115820.41,0,115820.41,-971.22
000503,国新健康,1993-12-13,买入,10.18,11300,115034.0,12.65,,773.76,11300,115807.76,
000503,国新健康,1993-12-23,卖出,9.8,11300,110740.0,67.55,80.2,111446.21,0,111446.21,-4374.2
000503,国新健康,1993-12-24,买入,10.03,11000,110330.0,12.14,,1104.07,11000,111434.07,
000503,国新健康,1993-12-27,卖出,9.65,11000,106150.0,64.75,76.89,107189.32,0,107189.32,-4256.89
000503,国新健康,1994-01-07,买入,9.8,10900,106820.0,11.75,,357.57,10900,107177.57,
000503,国新健康,1994-01-18,卖出,9.13,10900,99517.0,60.71,72.46,99813.86,0,99813.86,-7375.46
000503,国新健康,1994-02-04,买入,8.98,11000,98780.0,10.87,,1023.0,11000,99803.0,
000503,国新健康,1994-03-10,卖出,7.33,11000,80630.0,49.18,60.05,81603.81,0,81603.81,-18210.05
000503,国新健康,1994-03-14,买入,7.85,10300,80855.0,8.89,,739.92,10300,81594.92,
000503,国新健康,1994-03-16,卖出,7.33,10300,75499.0,46.05,54.94,76192.86,0,76192.86,-5410.94
000503,国新健康,1994-03-17,买入,7.55,10000,75500.0,8.31,,684.56,10000,76184.56,
000503,国新健康,1994-03-23,卖出,6.8,10000,68000.0,41.48,49.79,68643.08,0,68643.08,-7549.79
000503,国新健康,1994-04-27,买入,5.39,12700,68453.0,7.53,,182.55,12700,68635.55,
000503,国新健康,1994-05-30,卖出,4.69,12700,59563.0,36.33,43.86,59709.22,0,59709.22,-8933.86
000503,国新健康,1994-07-26,买入,1.96,30400,59584.0,6.55,,118.66,30400,59702.66,
000503,国新健康,1994-08-24,卖出,4.98,30400,151392.0,92.35,98.9,151418.31,0,151418.31,91709.1
000503,国新健康,1994-09-05,买入,6.91,21800,150638.0,16.57,,763.74,21800,151401.74,
000503,国新健康,1994-09-21,卖出,7.5,21800,163500.0,99.73,116.3,164164.01,0,164164.01,12745.7
000503,国新健康,1994-11-03,买入,4.77,34300,163611.0,18.0,,535.01,34300,164146.01,
000503,国新健康,1994-12-06,卖出,3.97,34300,136171.0,83.06,101.06,136622.95,0,136622.95,-27541.06
000503,国新健康,1994-12-15,买入,4.44,30700,136308.0,14.99,,299.95,30700,136607.95,
000503,国新健康,1995-01-13,卖出,3.81,30700,116967.0,71.35,86.34,117195.6,0,117195.6,-19427.34
000503,国新健康,1995-02-22,买入,4.09,28500,116565.0,12.82,,617.78,28500,117182.78,
000503,国新健康,1995-03-15,卖出,3.58,28500,102030.0,62.24,75.06,102585.54,0,102585.54,-14610.06
000503,国新健康,1995-03-24,买入,3.81,26800,102108.0,11.23,,466.31,26800,102574.31,
000503,国新健康,1995-04-05,卖出,3.7,26800,99160.0,60.49,71.72,99565.82,0,99565.82,-3019.72
000503,国新健康,1995-04-10,买入,3.85,25800,99330.0,10.93,,224.9,25800,99554.9,
000503,国新健康,1995-04-11,卖出,3.71,25800,95718.0,58.39,69.32,95884.51,0,95884.51,-3681.32
000503,国新健康,1995-04-12,买入,3.81,25100,95631.0,10.52,,242.99,25100,95873.99,
000503,国新健康,1995-04-26,卖出,3.64,25100,91364.0,55.73,66.25,91551.26,0,91551.26,-4333.25
000503,国新健康,1995-05-18,买入,5.1,17900,91290.0,10.04,,251.21,17900,91541.21,
000503,国新健康,1995-05-29,卖出,3.58,17900,64082.0,39.09,49.13,64294.12,0,64294.12,-27257.13
000503,国新健康,1995-06-26,买入,3.31,19300,63883.0,7.03,,404.1,19300,64287.1,
000503,国新健康,1995-07-03,卖出,3.01,19300,58093.0,35.44,42.47,58461.66,0,58461.66,-5832.47
000503,国新健康,1995-07-07,买入,3.19,18200,58058.0,6.39,,397.27,18200,58455.27,
000503,国新健康,1995-08-02,卖出,3.21,18200,58422.0,35.64,42.03,58783.64,0,58783.64,321.97
000503,国新健康,1995-08-08,买入,3.38,17300,58474.0,6.43,,303.2,17300,58777.2,
000503,国新健康,1995-08-25,卖出,3.59,17300,62107.0,37.89,44.32,62372.32,0,62372.32,3588.68
000503,国新健康,1995-09-25,买入,3.55,17500,62125.0,6.83,,240.48,17500,62365.48,
000503,国新健康,1995-09-27,卖出,3.33,17500,58275.0,35.55,42.38,58479.94,0,58479.94,-3892.38
000503,国新健康,1995-10-11,买入,3.78,15400,58212.0,6.4,,261.53,15400,58473.53,
000503,国新健康,1995-10-30,卖出,3.66,15400,56364.0,34.38,40.78,56591.15,0,56591.15,-1888.78
000503,国新健康,1995-12-08,买入,3.29,17100,56259.0,6.19,,325.96,17100,56584.96,
000503,国新健康,1995-12-11,卖出,3.18,17100,54378.0,33.17,39.36,54670.79,0,54670.79,-1920.36
000503,国新健康,1995-12-12,买入,3.23,16800,54264.0,5.97,,400.82,16800,54664.82,
000503,国新健康,1995-12-13,卖出,3.1,16800,52080.0,31.77,37.74,52449.05,0,52449.05,-2221.74
000503,国新健康,1996-01-10,买入,2.45,21300,52185.0,5.74,,258.31,21300,52443.31,
000503,国新健康,1996-01-11,卖出,2.39,21300,50907.0,31.05,36.79,51134.26,0,51134.26,-1314.79
000503,国新健康,1996-01-12,买入,2.48,20500,50840.0,5.59,,288.67,20500,51128.67,
000503,国新健康,1996-01-19,卖出,2.2,20500,45100.0,28.0,33.59,45360.67,0,45360.67,-5773.59
000503,国新健康,1996-01-25,买入,2.22,20300,45066.0,5.45,,289.22,20300,45355.22,
000503,国新健康,1996-04-02,卖出,2.28,20300,46284.0,28.6,34.05,46544.61,0,46544.61,1183.95
000503,国新健康,1996-04-05,买入,2.43,19100,46413.0,5.46,,126.15,19100,46539.15,
000503,国新健康,1996-05-03,卖出,3.14,19100,59974.0,36.58,42.04,60063.56,0,60063.56,13518.96
000503,国新健康,1996-05-20,买入,3.74,16000,59840.0,6.58,,216.98,16000,60056.98,
000503,国新健康,1996-05-21,卖出,3.16,16000,50560.0,30.84,37.42,50746.14,0,50746.14,-9317.42
000503,国新健康,1996-06-13,买入,3.78,13300,50274.0,5.53,,466.61,13300,50740.61,
000503,国新健康,1996-07-01,卖出,3.06,13300,40698.0,25.76,31.29,41138.85,0,41138.85,-9607.29
000503,国新健康,1996-07-10,买入,3.74,10900,40766.0,5.41,,367.45,10900,41133.45,
000503,国新健康,1996-08-01,卖出,5.67,10900,61803.0,37.7,43.11,62132.75,0,62132.75,20993.89
000503,国新健康,1996-09-02,买入,6.47,9500,61465.0,6.76,,660.99,9500,62125.99,
000503,国新健康,1996-11-28,卖出,21.09,9500,200355.0,122.22,128.98,200893.77,0,200893.77,138761.02
000503,国新健康,1997-01-08,买入,12.58,15900,200022.0,22.0,,849.77,15900,200871.77,
000503,国新健康,1997-04-01,卖出,27.62,15900,439158.0,267.89,289.89,439739.88,0,439739.88,238846.11
000503,国新健康,1997-04-24,买入,32.4,13500,437400.0,48.11,,2291.77,13500,439691.77,
000503,国新健康,1997-05-05,卖出,30.04,13500,405540.0,247.38,295.49,407584.39,0,407584.39,-32155.49
000503,国新健康,1997-06-03,买入,21.82,18600,405852.0,44.64,,1687.74,18600,407539.74,
000503,国新健康,1997-06-10,卖出,17.77,18600,330522.0,201.62,246.26,332008.12,0,332008.12,-75576.26
000503,国新健康,1997-06-19,买入,17.53,18900,331317.0,36.44,,654.68,18900,331971.68,
000503,国新健康,1997-07-07,卖出,15.43,18900,291627.0,177.89,214.33,292103.79,0,292103.79,-39904.33
000503,国新健康,1997-07-14,买入,16.33,17800,290674.0,31.97,,1397.81,17800,292071.81,
000503,国新健康,1997-07-28,卖出,13.61,17800,242258.0,147.78,179.75,243508.04,0,243508.04,-48595.75
000503,国新健康,1997-08-05,买入,14.6,16600,242360.0,26.66,,1121.38,16600,243481.38,
000503,国新健康,1997-08-14,卖出,13.31,16600,220946.0,134.78,161.44,221932.6,0,221932.6,-21575.44
000503,国新健康,1997-08-26,买入,13.76,16000,220160.0,24.22,,1748.38,16000,221908.38,
000503,国新健康,1997-09-17,卖出,13.99,16000,223840.0,136.54,160.76,225451.84,0,225451.84,3519.24
000503,国新健康,1997-10-13,买入,11.68,19200,224256.0,24.67,,1171.17,19200,225427.17,
000503,国新健康,1997-11-14,卖出,12.02,19200,230784.0,140.78,165.45,231814.39,0,231814.39,6362.55
000503,国新健康,1997-12-08,买入,11.21,20600,230926.0,25.4,,862.99,20600,231788.99,
000503,国新健康,1997-12-18,卖出,10.33,20600,212798.0,129.81,155.21,213531.18,0,213531.18,-18283.21
000503,国新健康,1997-12-29,买入,11.27,18900,213003.0,23.43,,504.75,18900,213507.75,
000503,国新健康,1998-01-20,卖出,11.64,18900,219996.0,134.2,157.63,220366.56,0,220366.56,6835.37
000503,国新健康,1998-02-10,买入,13.01,16900,219869.0,24.19,,473.37,16900,220342.37,
000503,国新健康,1998-02-16,卖出,12.34,16900,208546.0,127.21,151.4,208892.16,0,208892.16,-11474.4
000503,国新健康,1998-03-20,买入,10.73,19400,208162.0,22.9,,707.26,19400,208869.26,
000503,国新健康,1998-04-15,卖出,12.94,19400,251036.0,153.13,176.03,251590.13,0,251590.13,42697.97
000503,国新健康,1998-04-16,买入,13.69,18300,250527.0,27.56,,1035.57,18300,251562.57,
000503,国新健康,1998-04-17,卖出,13.01,18300,238083.0,145.23,172.79,238973.34,0,238973.34,-12616.79
000503,国新健康,1998-05-14,买入,12.02,19800,237996.0,26.18,,951.16,19800,238947.16,
000503,国新健康,1998-05-15,卖出,11.38,19800,225324.0,137.45,163.63,226137.71,0,226137.71,-12835.63
000503,国新健康,1998-05-22,买入,12.28,18300,224724.0,24.72,,1388.99,18300,226112.99,
000503,国新健康,1998-06-10,卖出,11.21,18300,205143.0,125.14,149.86,206406.85,0,206406.85,-19730.86
000503,国新健康,1998-07-08,买入,9.1,22600,205660.0,22.62,,724.23,22600,206384.23,
000503,国新健康,1998-08-10,卖出,10.73,22600,242498.0,147.92,170.54,243074.31,0,243074.31,36667.46
000503,国新健康,1998-08-21,买入,11.59,20900,242231.0,26.65,,816.66,20900,243047.66,
000503,国新健康,1998-09-02,卖出,10.91,20900,228019.0,139.09,165.74,228696.57,0,228696.57,-14377.74
000503,国新健康,1998-09-09,买入,11.76,19400,228144.0,25.1,,527.48,19400,228671.48,
000503,国新健康,1998-09-30,卖出,13.31,19400,258214.0,157.51,182.61,258583.97,0,258583.97,29887.39
000503,国新健康,1998-10-06,买入,13.95,18400,256680.0,28.23,,1875.73,18400,258555.73,
000503,国新健康,1998-10-07,卖出,13.69,18400,251896.0,153.66,181.89,253618.07,0,253618.07,-4965.89
000503,国新健康,1998-10-08,买入,14.21,17800,252938.0,27.82,,652.25,17800,253590.25,
000503,国新健康,1998-11-02,卖出,20.56,17800,365968.0,223.24,251.06,366397.01,0,366397.01,112778.94
000503,国新健康,1998-12-31,买入,18.16,20100,365016.0,40.15,,1340.86,20100,366356.86,
000503,国新健康,1999-01-18,卖出,17.08,20100,343308.0,209.42,249.57,344439.44,0,344439.44,-21957.57
000503,国新健康,1999-01-21,买入,18.03,19000,342570.0,37.68,,1831.76,19000,344401.76,
000503,国新健康,1999-02-05,卖出,17.6,19000,334400.0,203.98,241.66,336027.77,0,336027.77,-8411.66
000503,国新健康,1999-02-09,买入,18.71,17900,334909.0,36.84,,1081.93,17900,335990.93,
000503,国新健康,1999-03-30,卖出,23.22,17900,415638.0,253.54,290.38,416466.39,0,416466.39,80438.62
000503,国新健康,1999-05-21,买入,22.77,18200,414414.0,45.59,,2006.81,18200,416420.81,
000503,国新健康,1999-07-16,卖出,42.33,18200,770406.0,469.95,515.54,771942.86,0,771942.86,355476.46
000503,国新健康,1999-09-10,买入,39.43,19500,768885.0,84.58,,2973.28,19500,771858.28,
000503,国新健康,1999-10-21,卖出,42.24,19500,823680.0,502.44,587.02,826150.84,0,826150.84,54207.98
000503,国新健康,1999-11-24,买入,37.14,22100,820794.0,90.29,,5266.55,22100,826060.55,
000503,国新健康,2000-03-07,卖出,149.41,22100,3301961.0,2014.2,2104.49,3305213.36,0,3305213.36,2479062.51
000503,国新健康,2000-04-28,买入,126.41,26000,3286660.0,361.53,,18191.82,26000,3304851.82,
000503,国新健康,2000-05-11,卖出,115.32,26000,2998320.0,1828.98,2190.51,3014682.85,0,3014682.85,-290530.51
000503,国新健康,2000-05-26,买入,115.54,26000,3004040.0,330.44,,10312.4,26000,3014352.4,
000503,国新健康,2000-06-02,卖出,107.2,26000,2787200.0,1700.19,2030.63,2795812.21,0,2795812.21,-218870.63
000503,国新健康,2000-06-19,买入,111.08,25100,2788108.0,306.69,,7397.52,25100,2795505.52,
000503,国新健康,2000-07-03,卖出,104.04,25100,2611404.0,1592.96,1899.65,2617208.56,0,2617208.56,-178603.65
000503,国新健康,2000-07-17,买入,103.72,25100,2603372.0,286.37,,13550.19,25100,2616922.19,
000503,国新健康,2000-07-21,卖出,100.5,25100,2522550.0,1538.76,1825.13,2534561.44,0,2534561.44,-82647.13
000503,国新健康,2000-07-28,买入,102.28,24700,2526316.0,277.89,,7967.54,24700,2534283.54,
000503,国新健康,2000-08-22,卖出,113.76,24700,2809872.0,1714.02,1991.91,2816125.52,0,2816125.52,281564.09
000503,国新健康,2000-10-30,买入,76.74,36600,2808684.0,308.96,,7132.56,36600,2815816.56,
000503,国新健康,2000-11-29,卖出,94.14,36600,3445524.0,2101.77,2410.73,3450554.8,0,3450554.8,634429.27
000503,国新健康,2001-02-23,买入,72.18,47700,3442986.0,378.73,,7190.07,47700,3450176.07,
000503,国新健康,2001-03-28,卖出,87.72,47700,4184244.0,2552.39,2931.12,4188881.68,0,4188881.68,738326.88
000503,国新健康,2001-04-23,买入,88.05,47400,4173570.0,459.09,,14852.59,47400,4188422.59,
000503,国新健康,2001-04-25,卖出,84.76,47400,4017624.0,2450.75,2909.84,4030025.83,0,4030025.83,-158855.84
000503,国新健康,2001-05-18,买入,88.96,45200,4020992.0,442.31,,8591.53,45200,4029583.53,
000503,国新健康,2001-06-08,卖出,87.17,45200,3940084.0,2403.45,2845.76,3946272.07,0,3946272.07,-83753.76
000503,国新健康,2001-07-19,买入,77.91,50500,3934455.0,432.79,,11384.28,50500,3945839.28,
000503,国新健康,2001-07-30,卖出,72.15,50500,3643575.0,2222.58,2655.37,3652736.7,0,3652736.7,-293535.37
000503,国新健康,2001-08-15,买入,63.14,57700,3643178.0,400.75,,9157.95,57700,3652335.95,
000503,国新健康,2001-09-17,卖出,64.13,57700,3700301.0,2257.18,2657.93,3707201.77,0,3707201.77,54465.07
000503,国新健康,2001-09-21,买入,65.77,56200,3696274.0,406.59,,10521.18,56200,3706795.18,
000503,国新健康,2001-09-24,卖出,65.15,56200,3661430.0,2233.47,2640.06,3669717.71,0,3669717.71,-37484.06
000503,国新健康,2001-10-24,买入,61.97,59000,3656230.0,402.19,,13085.52,59000,3669315.52,
000503,国新健康,2001-10-25,卖出,58.18,59000,3432620.0,2093.9,2496.09,3443611.62,0,3443611.62,-226106.09
000503,国新健康,2001-10-29,买入,59.75,57500,3435625.0,377.92,,7608.71,57500,3443233.71,
000503,国新健康,2001-12-11,卖出,61.79,57500,3552925.0,2167.28,2545.2,3558366.42,0,3558366.42,114754.8
000503,国新健康,2002-01-25,买入,42.21,84100,3549861.0,390.48,,8114.94,84100,3557975.94,
000503,国新健康,2002-03-29,卖出,50.85,84100,4276485.0,2608.66,2999.14,4281991.28,0,4281991.28,723624.86
000503,国新健康,2002-04-30,买入,52.64,81100,4269104.0,469.6,,12417.68,81100,4281521.68,
000503,国新健康,2002-05-13,卖出,49.5,81100,4014450.0,2448.81,2918.41,4024418.86,0,4024418.86,-257572.41
000503,国新健康,2002-05-22,买入,50.96,78800,4015648.0,441.72,,8329.14,78800,4023977.14,
000503,国新健康,2002-06-04,卖出,49.83,78800,3926604.0,2395.23,2836.95,3932537.92,0,3932537.92,-91880.95
000503,国新健康,2002-06-07,买入,51.25,76500,3920625.0,431.27,,11481.65,76500,3932106.65,
000503,国新健康,2002-07-05,卖出,54.75,76500,4188375.0,2554.91,2986.18,4197301.74,0,4197301.74,264763.82
000503,国新健康,2002-08-20,买入,57.23,73100,4183513.0,460.19,,13328.55,73100,4196841.55,
000503,国新健康,2002-08-28,卖出,56.1,73100,4100910.0,2501.56,2961.75,4111737.0,0,4111737.0,-85564.75
000503,国新健康,2002-10-18,买入,52.46,78200,4102372.0,451.26,,8913.74,78200,4111285.74,
000503,国新健康,2002-11-12,卖出,49.69,78200,3885758.0,2370.31,2821.57,3892301.42,0,3892301.42,-219435.57
000503,国新健康,2002-11-19,买入,53.33,72800,3882424.0,427.07,,9450.36,72800,3891874.36,
000503,国新健康,2002-11-20,卖出,50.63,72800,3685864.0,2248.38,2675.45,3693065.98,0,3693065.98,-199235.45
000503,国新健康,2002-11-29,买入,51.84,71000,3680640.0,404.87,,12021.11,71000,3692661.11,
000503,国新健康,2002-12-09,卖出,49.25,71000,3496750.0,2133.02,2537.89,3506638.09,0,3506638.09,-186427.89
000503,国新健康,2002-12-20,买入,48.74,71800,3499532.0,384.95,,6721.14,71800,3506253.14,
000503,国新健康,2003-01-27,卖出,60.52,71800,4345336.0,2650.65,3035.6,4349406.49,0,4349406.49,842768.4
000503,国新健康,2003-03-24,买入,54.32,79900,4340168.0,477.42,,8761.07,79900,4348929.07,
000503,国新健康,2003-04-24,卖出,57.63,79900,4604637.0,2808.83,3286.25,4610589.24,0,4610589.24,261182.75
000503,国新健康,2003-05-15,买入,67.92,67700,4598184.0,505.8,,11899.44,67700,4610083.44,
000503,国新健康,2003-06-09,卖出,69.05,67700,4674685.0,2851.56,3357.36,4683732.88,0,4683732.88,73143.64
000503,国新健康,2003-07-10,买入,66.93,69800,4671714.0,513.89,,11504.99,69800,4683218.99,
000503,国新健康,2003-08-14,卖出,67.48,69800,4710104.0,2873.16,3387.05,4718735.83,0,4718735.83,35002.95
000503,国新健康,2003-09-04,买入,67.66,69600,4709136.0,518.0,,9081.83,69600,4718217.83,
000503,国新健康,2003-09-15,卖出,66.02,69600,4594992.0,2802.95,3320.95,4601270.88,0,4601270.88,-117464.95
000503,国新健康,2003-09-16,买入,69.01,66500,4589165.0,504.81,,11601.07,66500,4600766.07,
000503,国新健康,2003-09-25,卖出,66.64,66500,4431560.0,2703.25,3208.06,4440457.82,0,4440457.82,-160813.06
000503,国新健康,2003-11-12,买入,39.22,112900,4427938.0,487.07,,12032.75,112900,4439970.75,
000503,国新健康,2003-12-18,卖出,49.03,112900,5535487.0,3376.65,3863.72,5544143.1,0,5544143.1,1103685.28
000503,国新健康,2003-12-25,买入,54.06,102300,5530338.0,608.34,,13196.76,102300,5543534.76,
000503,国新健康,2004-03-03,卖出,92.79,102300,9492417.0,5790.37,6398.71,9499823.39,0,9499823.39,3955680.29
000503,国新健康,2004-04-14,买入,109.67,86400,9475488.0,1042.3,,23293.09,86400,9498781.09,
000503,国新健康,2004-04-23,卖出,91.07,86400,7868448.0,4799.75,5842.05,7886941.33,0,7886941.33,-1612882.05
000503,国新健康,2004-06-01,买入,90.53,86900,7867057.0,865.38,,19018.96,86900,7886075.96,
000503,国新健康,2004-06-25,卖出,86.59,86900,7524671.0,4590.05,5455.43,7539099.91,0,7539099.91,-347841.43
000503,国新健康,2004-07-23,买入,77.25,97300,7516425.0,826.81,,21848.1,97300,7538273.1,
000503,国新健康,2004-07-26,卖出,74.04,97300,7204092.0,4394.5,5221.31,7221545.6,0,7221545.6,-317554.31
000503,国新健康,2004-07-29,买入,80.46,89500,7201170.0,792.13,,19583.47,89500,7220753.47,
000503,国新健康,2004-08-06,卖出,67.48,89500,6039460.0,3684.07,4476.2,6055359.4,0,6055359.4,-1166186.2
000503,国新健康,2004-08-24,买入,63.62,94900,6037538.0,664.13,,17157.28,94900,6054695.28,
000503,国新健康,2004-10-19,卖出,101.98,94900,9677902.0,5903.52,6567.65,9689155.75,0,9689155.75,3633796.35
000503,国新健康,2004-11-12,买入,104.24,92700,9663048.0,1062.94,,25044.82,92700,9688092.82,
000503,国新健康,2004-11-23,卖出,101.17,92700,9378459.0,5720.86,6783.8,9397782.96,0,9397782.96,-291372.8
000503,国新健康,2004-12-24,买入,93.74,100000,9374000.0,1031.14,,22751.82,100000,9396751.82,
000503,国新健康,2005-01-26,卖出,90.89,100000,9089000.0,5544.29,6575.43,9106207.53,0,9106207.53,-291575.43
000503,国新健康,2005-02-16,买入,91.18,99600,9081528.0,998.97,,23680.56,99600,9105208.56,
000503,国新健康,2005-03-14,卖出,93.88,99600,9350448.0,5703.77,6702.74,9368424.79,0,9368424.79,262217.26
000503,国新健康,2005-04-07,买入,81.99,114000,9346860.0,1028.15,,20536.63,114000,9367396.63,
000503,国新健康,2005-04-20,卖出,72.37,114000,8250180.0,5032.61,6060.76,8265684.02,0,8265684.02,-1102740.76
000503,国新健康,2005-05-18,买入,58.58,140800,8248064.0,907.29,,16712.74,140800,8264776.74,
000503,国新健康,2005-07-01,卖出,65.37,140800,9204096.0,5614.5,6521.79,9215194.24,0,9215194.24,949510.21
000503,国新健康,2005-07-26,买入,69.96,131400,9192744.0,1011.2,,21439.04,131400,9214183.04,
000503,国新健康,2005-09-01,卖出,83.23,131400,10936422.0,6671.22,7682.42,10951189.82,0,10951189.82,1735995.58
000503,国新健康,2005-10-13,买入,62.08,176000,10926080.0,1201.87,,23907.95,176000,10949987.95,
000503,国新健康,2005-12-05,卖出,56.4,176000,9926400.0,6055.1,7256.97,9944252.85,0,9944252.85,-1006936.97
000503,国新健康,2005-12-14,买入,59.31,167300,9922563.0,1091.48,,20598.36,167300,9943161.36,
000503,国新健康,2006-01-25,卖出,61.57,167300,10300661.0,6283.4,7374.88,10314975.96,0,10314975.96,370723.12
000503,国新健康,2006-05-16,买入,69.52,148000,10288960.0,1131.79,,24884.18,148000,10313844.18,
000503,国新健康,2006-06-07,卖出,58.29,148000,8626920.0,5262.42,6394.21,8646541.75,0,8646541.75,-1668434.21
000503,国新健康,2006-06-26,买入,59.75,144400,8627900.0,949.07,,17692.69,144400,8645592.69,
000503,国新健康,2006-07-14,卖出,58.66,144400,8470504.0,5167.01,6116.08,8483029.68,0,8483029.68,-163512.08
000503,国新健康,2006-08-17,买入,52.97,159800,8464606.0,931.11,,17492.57,159800,8482098.57,
000503,国新健康,2006-09-11,卖出,52.75,159800,8429450.0,5141.96,6073.07,8441800.61,0,8441800.61,-41229.07
000503,国新健康,2006-09-12,买入,54.35,155000,8424250.0,926.67,,16623.94,155000,8440873.94,
000503,国新健康,2006-09-13,卖出,53.33,155000,8266150.0,5042.35,5969.02,8277731.59,0,8277731.59,-164069.02
000503,国新健康,2006-09-14,买入,55.52,148700,8255824.0,908.14,,20999.45,148700,8276823.45,
000503,国新健康,2006-09-26,卖出,53.26,148700,7919762.0,4831.05,5739.19,7935930.39,0,7935930.39,-341801.19
000503,国新健康,2006-09-28,买入,55.01,143900,7915939.0,870.75,,19120.64,143900,7935059.64,
000503,国新健康,2006-10-20,卖出,55.67,143900,8010913.0,4886.66,5757.41,8025146.98,0,8025146.98,89216.59
000503,国新健康,2006-11-06,买入,56.18,142500,8005650.0,880.62,,18616.36,142500,8024266.36,
000503,国新健康,2006-12-12,卖出,65.15,142500,9283875.0,5663.16,6543.78,9296828.2,0,9296828.2,1271681.22
000503,国新健康,2007-01-11,买入,70.03,132400,9271972.0,1019.92,,23836.28,132400,9295808.28,
000503,国新健康,2007-02-05,卖出,74.19,132400,9822756.0,5991.88,7011.8,9840600.4,0,9840600.4,543772.2
000503,国新健康,2007-02-07,买入,80.53,121900,9816607.0,1079.83,,22913.57,121900,9839520.57,
000503,国新健康,2007-02-28,卖出,81.63,121900,9950697.0,6069.93,7149.76,9967540.65,0,9967540.65,126940.24
000503,国新健康,2007-03-23,买入,84.47,117700,9942119.0,1093.63,,24328.01,117700,9966447.01,
000503,国新健康,2007-05-15,卖出,111.75,117700,13152975.0,8023.31,9116.94,13169279.7,0,13169279.7,3201739.06
000503,国新健康,2007-05-18,买入,126.19,104100,13136379.0,1445.0,,31455.7,104100,13167834.7,
000503,国新健康,2007-05-31,卖出,117.22,104100,12202602.0,7443.59,8888.59,12226614.11,0,12226614.11,-942665.59
000503,国新健康,2007-06-19,买入,125.61,97100,12196731.0,1341.64,,28541.47,97100,12225272.47,
000503,国新健康,2007-06-25,卖出,99.5,97100,9661450.0,5893.48,7235.12,9684097.98,0,9684097.98,-2542516.12
000503,国新健康,2007-07-16,买入,88.56,109100,9661896.0,1062.81,,21139.18,109100,9683035.18,
000503,国新健康,2007-08-10,卖出,93.66,109100,10218306.0,6233.17,7295.98,10233212.01,0,10233212.01,549114.02
000503,国新健康,2007-08-21,买入,98.04,104100,10205964.0,1122.66,,26125.35,104100,10232089.35,
000503,国新健康,2007-09-11,卖出,97.38,104100,10137258.0,6183.73,7306.39,10157199.63,0,10157199.63,-76012.39
000503,国新健康,2007-09-20,买入,109.42,92600,10132292.0,1114.55,,23793.07,92600,10156085.07,
000503,国新健康,2007-10-11,卖出,103.73,92600,9605398.0,5859.29,6973.84,9623331.78,0,9623331.78,-533867.84
000503,国新健康,2007-11-13,买入,81.77,117400,9599798.0,1055.98,,22477.8,117400,9622275.8,
000503,国新健康,2008-01-11,卖出,91.47,117400,10738578.0,6550.53,7606.51,10754505.27,0,10754505.27,1131173.49
000503,国新健康,2008-01-15,买入,94.25,113800,10725650.0,1179.82,,27675.45,113800,10753325.45,
000503,国新健康,2008-01-16,卖出,91.26,113800,10385388.0,6335.09,7514.91,10406728.36,0,10406728.36,-347776.91
000503,国新健康,2008-01-17,买入,100.59,103200,10380888.0,1141.9,,24698.47,103200,10405586.47,
000503,国新健康,2008-01-31,卖出,89.94,103200,9281808.0,5661.9,6803.8,9300844.56,0,9300844.56,-1105883.8
000503,国新健康,2008-02-29,买入,96.21,96400,9274644.0,1020.21,,25180.35,96400,9299824.35,
000503,国新健康,2008-03-10,卖出,90.02,96400,8677928.0,5293.54,6313.75,8697814.82,0,8697814.82,-603029.75
000503,国新健康,2008-04-22,买入,51.87,167300,8677851.0,954.56,,19009.25,167300,8696860.25,
000503,国新健康,2008-05-27,卖出,59.97,167300,10032981.0,6120.12,7074.68,10045870.13,0,10045870.13,1348055.32
000503,国新健康,2008-07-03,买入,42.32,236900,10025608.0,1102.82,,19159.32,236900,10044767.32,
000503,国新健康,2008-07-31,卖出,53.7,236900,12721530.0,7760.13,8862.95,12732929.18,0,12732929.18,2687059.05
000503,国新健康,2008-09-03,买入,40.5,313700,12704850.0,1397.53,,26681.65,313700,12731531.65,
000503,国新健康,2008-09-17,卖出,34.37,313700,10781869.0,6576.94,7974.47,10801973.71,0,10801973.71,-1930955.47
000503,国新健康,2008-09-25,买入,37.94,284100,10778754.0,1185.66,,22034.05,284100,10800788.05,
000503,国新健康,2008-10-06,卖出,35.17,284100,9991797.0,6095.0,7280.66,10007736.05,0,10007736.05,-794237.66
000503,国新健康,2008-10-22,买入,29.78,335300,9985234.0,1098.38,,21403.67,335300,10006637.67,
000503,国新健康,2008-12-15,卖出,34.08,335300,11427024.0,6970.48,8068.86,11441457.19,0,11441457.19,1433721.14
000503,国新健康,2009-01-15,买入,33.93,336500,11417445.0,1255.92,,22756.27,336500,11440201.27,
000503,国新健康,2009-02-25,卖出,42.03,336500,14143095.0,8627.29,9883.21,14157223.98,0,14157223.98,2715766.79
000503,国新健康,2009-03-23,买入,41.37,341500,14127855.0,1554.06,,27814.92,341500,14155669.92,
000503,国新健康,2009-04-22,卖出,45.53,341500,15548495.0,9484.58,11038.64,15566825.34,0,15566825.34,1409601.36
000503,国新健康,2009-05-12,买入,50.71,306300,15532473.0,1708.57,,32643.77,306300,15565116.77,
000503,国新健康,2009-05-20,卖出,48.66,306300,14904558.0,9091.78,10800.35,14928109.98,0,14928109.98,-638715.35
000503,国新健康,2009-06-18,买入,49.54,300700,14896678.0,1638.63,,29793.35,300700,14926471.35,
000503,国新健康,2009-06-29,卖出,48.37,300700,14544859.0,8872.36,10510.99,14565779.99,0,14565779.99,-362329.99
000503,国新健康,2009-07-07,买入,49.47,293800,14534286.0,1598.77,,29895.21,293800,14564181.21,
000503,国新健康,2009-07-29,卖出,50.27,293800,14769326.0,9009.29,10608.06,14790211.93,0,14790211.93,224431.94
000503,国新健康,2009-08-03,买入,55.16,267500,14755300.0,1623.08,,33288.84,267500,14788588.84,
000503,国新健康,2009-08-07,卖出,52.38,267500,14011650.0,8547.11,10170.19,14036391.74,0,14036391.74,-753820.19
000503,国新健康,2009-09-07,买入,44.29,316200,14004498.0,1540.49,,30353.24,316200,14034851.24,
000503,国新健康,2009-09-29,卖出,56.98,316200,18017076.0,10990.42,12530.91,18036438.83,0,18036438.83,4000047.09
000503,国新健康,2009-10-12,买入,67.7,265800,17994660.0,1979.41,,39799.41,265800,18034459.41,
000503,国新健康,2009-10-22,卖出,67.04,265800,17819232.0,10869.73,12849.14,17848161.68,0,17848161.68,-188277.14
000503,国新健康,2009-11-04,买入,78.42,227100,17809182.0,1959.01,,37020.67,227100,17846202.67,
000503,国新健康,2009-11-24,卖出,75.79,227100,17211909.0,10499.26,12458.27,17238430.41,0,17238430.41,-609731.27
000503,国新健康,2009-12-17,买入,78.42,219300,17197506.0,1891.73,,39032.68,219300,17236538.68,
000503,国新健康,2009-12-31,卖出,79.66,219300,17469438.0,10656.36,12548.09,17497814.32,0,17497814.32,259383.91
000503,国新健康,2010-01-07,买入,84.84,205800,17460072.0,1920.61,,35821.72,205800,17495893.72,
000503,国新健康,2010-01-19,卖出,84.98,205800,17488884.0,10668.22,12588.83,17514037.5,0,17514037.5,16223.17
000503,国新健康,2010-02-05,买入,77.54,225400,17477516.0,1922.53,,34598.97,225400,17512114.97,
000503,国新健康,2010-02-11,卖出,74.7,225400,16837380.0,10270.8,12193.33,16861708.17,0,16861708.17,-652329.33
000503,国新健康,2010-02-12,买入,76.09,221100,16823499.0,1850.58,,36358.58,221100,16859857.58,
000503,国新健康,2010-03-12,卖出,74.77,221100,16531647.0,10084.3,11934.88,16557921.28,0,16557921.28,-303786.88
000503,国新健康,2010-03-19,买入,80.53,205200,16524756.0,1817.72,,31347.56,205200,16556103.56,
000503,国新健康,2010-03-25,卖出,76.89,205200,15777828.0,9624.48,11442.2,15799551.08,0,15799551.08,-758370.2
000503,国新健康,2010-04-01,买入,80.39,196100,15764479.0,1734.09,,33337.99,196100,15797816.99,
000503,国新健康,2010-04-29,卖出,81.63,196100,16007643.0,9764.66,11498.75,16031216.33,0,16031216.33,231665.25
000503,国新健康,2010-05-28,买入,67.99,235300,15998047.0,1759.79,,31409.54,235300,16029456.54,
000503,国新健康,2010-06-29,卖出,58.66,235300,13802698.0,8419.65,10179.44,13825687.89,0,13825687.89,-2205528.44
000503,国新健康,2010-07-13,买入,59.75,230900,13796275.0,1517.59,,27895.3,230900,13824170.3,
000503,国新健康,2010-09-10,卖出,84.76,230900,19571084.0,11938.36,13455.95,19587040.94,0,19587040.94,5761353.05
000503,国新健康,2010-10-20,买入,83.67,233600,19545312.0,2149.98,,39578.96,233600,19584890.96,
000503,国新健康,2010-11-12,卖出,82.29,233600,19222944.0,11726.0,13875.98,19250796.96,0,19250796.96,-336243.98
000503,国新健康,2010-11-24,买入,95.56,201000,19207560.0,2112.83,,41124.13,201000,19248684.13,
000503,国新健康,2010-12-06,卖出,89.36,201000,17961360.0,10956.43,13069.26,17991527.7,0,17991527.7,-1259269.26
000503,国新健康,2010-12-08,买入,94.98,189000,17951220.0,1974.63,,38333.07,189000,17989553.07,
000503,国新健康,2010-12-09,卖出,93.08,189000,17592120.0,10731.19,12705.82,17619721.87,0,17619721.87,-371805.82
000503,国新健康,2010-12-10,买入,98.26,178900,17578714.0,1933.66,,39074.22,178900,17617788.22,
000503,国新健康,2010-12-22,卖出,95.34,178900,17056326.0,10404.36,12338.02,17084995.86,0,17084995.86,-534726.02
000503,国新健康,2011-02-09,买入,77.91,218800,17046708.0,1875.14,,36412.72,218800,17083120.72,
000503,国新健康,2011-03-15,卖出,97.53,218800,21339564.0,13017.13,14892.27,21362959.58,0,21362959.58,4277963.73
000503,国新健康,2011-04-12,买入,103.73,205500,21316515.0,2344.82,,44099.77,205500,21360614.77,
000503,国新健康,2011-04-25,卖出,99.42,205500,20430810.0,12462.79,14807.61,20462446.97,0,20462446.97,-900512.61
000503,国新健康,2011-05-19,买入,97.53,209300,20413029.0,2245.43,,47172.54,209300,20460201.54,
000503,国新健康,2011-05-23,卖出,87.83,209300,18382819.0,11213.52,13458.95,18418778.02,0,18418778.02,-2043668.95
000503,国新健康,2011-06-14,买入,79.34,231600,18375144.0,2021.27,,41612.76,231600,18416756.76,
000503,国新健康,2011-06-20,卖出,73.65,231600,17057340.0,10404.98,12426.25,17088547.78,0,17088547.78,-1330230.25
000503,国新健康,2011-06-21,买入,75.14,226900,17049266.0,1875.42,,37406.36,226900,17086672.36,
000503,国新健康,2011-07-25,卖出,78.2,226900,17743580.0,10823.58,12699.0,17770162.78,0,17770162.78,681615.0
000503,国新健康,2011-08-19,买入,69.62,254700,17732214.0,1950.54,,35998.23,254700,17768212.23,
000503,国新健康,2011-09-13,卖出,66.82,254700,17019054.0,10381.62,12332.16,17044670.61,0,17044670.61,-725492.16
000503,国新健康,2011-10-14,买入,61.49,276600,17008134.0,1870.89,,34665.71,276600,17042799.71,
000503,国新健康,2011-11-22,卖出,69.71,276600,19281786.0,11761.89,13632.78,19304689.82,0,19304689.82,2260019.22
000503,国新健康,2012-01-10,买入,53.7,358700,19262190.0,2118.84,,40380.98,358700,19302570.98,
000503,国新健康,2012-03-07,卖出,59.82,358700,21457434.0,13089.03,15207.87,21484725.95,0,21484725.95,2180036.13
000503,国新健康,2012-04-12,买入,52.47,408600,21439242.0,2358.32,,43125.63,408600,21482367.63,
000503,国新健康,2012-05-11,卖出,52.03,408600,21259458.0,12968.27,15326.59,21289615.36,0,21289615.36,-195110.59
000503,国新健康,2012-06-15,买入,49.32,430700,21242124.0,2336.63,,45154.73,430700,21287278.73,
000503,国新健康,2012-06-28,卖出,47.22,430700,20337654.0,12405.97,14742.6,20370402.76,0,20370402.76,-919212.6
000503,国新健康,2012-07-18,买入,48.53,418900,20329217.0,2236.21,,38949.55,418900,20368166.55,
000503,国新健康,2012-08-30,卖出,55.97,418900,23445833.0,14301.96,16538.17,23470480.59,0,23470480.59,3100077.83
000503,国新健康,2012-09-10,买入,61.22,382600,23422772.0,2576.5,,45132.08,382600,23467904.08,
000503,国新健康,2012-09-21,卖出,60.52,382600,23154952.0,14124.52,16701.02,23185959.56,0,23185959.56,-284521.02
000503,国新健康,2012-10-16,买入,63.76,362900,23138504.0,2545.24,,44910.33,362900,23183414.33,
000503,国新健康,2012-10-25,卖出,62.01,362900,22503429.0,13727.09,16272.33,22534612.24,0,22534612.24,-651347.33
000503,国新健康,2012-11-01,买入,65.25,344600,22485150.0,2473.37,,46988.87,344600,22532138.87,
000503,国新健康,2012-11-26,卖出,70.5,344600,24294300.0,14819.52,17292.89,24326469.35,0,24326469.35,1791857.11
000503,国新健康,2012-12-14,买入,72.16,336400,24274624.0,2670.21,,49175.14,336400,24323799.14,
000503,国新健康,2013-01-08,卖出,78.64,336400,26454496.0,16137.24,18807.45,26487533.89,0,26487533.89,2161064.55
000503,国新健康,2013-01-09,买入,81.44,324500,26427280.0,2907.0,,57346.89,324500,26484626.89,
000503,国新健康,2013-01-10,卖出,77.15,324500,25035175.0,15271.46,18178.46,25077250.44,0,25077250.44,-1410283.46
000503,国新健康,2013-01-18,买入,87.65,285500,25024075.0,2752.65,,50422.79,285500,25074497.79,
000503,国新健康,2013-03-11,卖出,118.72,285500,33894560.0,20675.68,23428.33,33924307.11,0,33924307.11,8847056.67
000503,国新健康,2013-04-18,买入,124.93,271000,33856030.0,3724.16,,64552.94,271000,33920582.94,
000503,国新健康,2013-05-28,卖出,140.78,271000,38151380.0,23272.34,26996.5,38192660.6,0,38192660.6,4268353.5
000503,国新健康,2013-07-10,买入,132.37,287900,38109323.0,4192.03,,79145.58,287900,38188468.58,
000503,国新健康,2013-08-12,卖出,165.19,287900,47558201.0,29010.5,33202.53,47608336.07,0,47608336.07,9415675.47
000503,国新健康,2013-09-10,买入,171.06,277700,47503362.0,5225.37,,99748.7,277700,47603110.7,
000503,国新健康,2013-09-25,卖出,171.84,277700,47719968.0,29109.18,34334.55,47790607.52,0,47790607.52,182271.45
000503,国新健康,2013-10-09,买入,185.32,257300,47682836.0,5245.11,,102526.41,257300,47785362.41,
000503,国新健康,2013-10-25,卖出,184.8,257300,47549040.0,29004.91,34250.02,47622561.5,0,47622561.5,-168046.02
000503,国新健康,2013-11-19,买入,192.85,246400,47518240.0,5227.01,,99094.49,246400,47617334.49,
000503,国新健康,2013-12-06,卖出,190.22,246400,46870208.0,28590.83,33817.84,46940711.66,0,46940711.66,-681849.84
000503,国新健康,2013-12-31,买入,181.03,258700,46832461.0,5151.57,,103099.09,258700,46935560.09,
000503,国新健康,2014-01-02,卖出,176.57,258700,45678659.0,27863.98,33015.55,45753894.11,0,45753894.11,-1186817.55
000503,国新健康,2014-01-10,买入,177.09,257800,45653802.0,5021.92,,95070.19,257800,45748872.19,
000503,国新健康,2014-01-14,卖出,172.19,257800,44390582.0,27078.26,32100.18,44458573.94,0,44458573.94,-1295320.18
000503,国新健康,2014-01-16,买入,177.36,250100,44357736.0,4879.35,,95958.59,250100,44453694.59,
000503,国新健康,2014-02-25,卖出,197.66,250100,49434766.0,30155.21,35034.56,49500569.38,0,49500569.38,5041995.44
000503,国新健康,2014-03-21,买入,204.22,241900,49400818.0,5434.09,,94317.29,241900,49495135.29,
000503,国新健康,2014-03-27,卖出,194.16,241900,46967304.0,28650.06,34084.15,47032971.23,0,47032971.23,-2467598.15
000503,国新健康,2014-04-18,买入,183.75,255400,46929750.0,5162.27,,98058.96,255400,47027808.96,
000503,国新健康,2014-04-24,卖出,174.91,255400,44672014.0,27249.93,32412.2,44742823.03,0,44742823.03,-2290148.2
000503,国新健康,2014-05-14,买入,154.78,288400,44638552.0,4910.24,,99360.79,288400,44737912.79,
000503,国新健康,2014-06-23,卖出,162.48,288400,46859232.0,28584.13,33494.37,46930008.66,0,46930008.66,2187185.63
000503,国新健康,2014-06-26,买入,167.91,278900,46830099.0,5151.31,,94758.35,278900,46924857.35,
000503,国新健康,2014-07-02,卖出,165.8,278900,46241620.0,28207.39,33358.7,46308170.96,0,46308170.96,-621837.7
000503,国新健康,2014-07-03,买入,174.03,265500,46204965.0,5082.55,,98123.42,265500,46303088.42,
000503,国新健康,2014-07-14,卖出,166.33,265500,44160615.0,26937.98,32020.53,44231800.44,0,44231800.44,-2076370.53
000503,国新健康,2014-07-31,买入,166.5,265100,44139150.0,4855.31,,87795.13,265100,44226945.13,
000503,国新健康,2014-08-06,卖出,160.38,265100,42516738.0,25935.21,30790.52,42578597.92,0,42578597.92,-1653202.52
000503,国新健康,2014-08-19,买入,160.47,264800,42492456.0,4674.17,,81467.75,264800,42573923.75,
000503,国新健康,2014-09-16,卖出,186.37,264800,49350776.0,30103.97,34778.14,49402139.78,0,49402139.78,6823541.86
000503,国新健康,2014-10-17,买入,195.82,251700,49287894.0,5421.67,,108824.11,251700,49396718.11,
000503,国新健康,2014-10-22,卖出,188.12,251700,47349804.0,28883.38,34305.05,47429744.73,0,47429744.73,-1972395.05
000503,国新健康,2014-10-31,买入,198.97,237800,47315066.0,5204.66,,109474.07,237800,47424540.07,
000503,国新健康,2014-12-09,卖出,223.3,237800,53100740.0,32391.45,37596.11,53177822.62,0,53177822.62,5748077.89
000503,国新健康,2014-12-12,买入,275.55,192600,53070930.0,5837.8,,101054.82,192600,53171984.82,
000503,国新健康,2014-12-24,卖出,269.25,192600,51857550.0,31633.11,37470.91,51926971.72,0,51926971.72,-1250850.91
000503,国新健康,2015-01-19,买入,287.98,179900,51807602.0,5698.84,,113670.88,179900,51921272.88,
000503,国新健康,2015-02-05,卖出,311.52,179900,56042448.0,34185.89,39884.73,56121932.99,0,56121932.99,4194961.27
000503,国新健康,2015-02-12,买入,332.96,168200,56003872.0,6160.43,,111900.56,168200,56115772.56,
000503,国新健康,2015-03-09,卖出,356.94,168200,60037308.0,36622.76,42783.19,60112585.8,0,60112585.8,3990652.81
000503,国新健康,2015-03-18,买入,384.94,155800,59973652.0,6597.1,,132336.7,155800,60105988.7,
000503,国新健康,2015-05-07,卖出,361.14,155800,56265612.0,34322.02,40919.12,56363626.68,0,56363626.68,-3748959.12
000503,国新健康,2015-05-12,买入,423.01,132900,56218029.0,6183.98,,139413.69,132900,56357442.69,
000503,国新健康,2015-06-15,卖出,643.12,132900,85470648.0,52137.1,58321.08,85557924.6,0,85557924.6,29194297.92
000503,国新健康,2015-09-09,买入,222.6,383500,85367100.0,9390.38,,181434.22,383500,85548534.22,
000503,国新健康,2015-11-13,卖出,305.31,383500,117086385.0,71422.69,80813.07,117196396.52,0,117196396.52,31638471.93
000503,国新健康,2015-12-18,买入,287.54,406700,116942518.0,12863.68,,241014.85,406700,117183532.85,
000503,国新健康,2016-01-04,卖出,264.09,406700,107405403.0,65517.3,78380.98,107580900.55,0,107580900.55,-9615495.98
000503,国新健康,2016-02-18,买入,215.95,497100,107348745.0,11808.36,,220347.19,497100,107569092.19,
000503,国新健康,2016-02-29,卖出,167.91,497100,83468061.0,50915.52,62723.88,83637492.67,0,83637492.67,-23943407.88
000503,国新健康,2016-03-14,买入,184.45,452500,83463625.0,9181.0,,164686.67,452500,83628311.67,
000503,国新健康,2016-04-21,卖出,213.68,452500,96690200.0,58981.02,68162.02,96795905.65,0,96795905.65,13158412.98
000503,国新健康,2016-04-25,买入,234.33,412200,96590826.0,10624.99,,194454.66,412200,96785280.66,
000503,国新健康,2016-05-26,卖出,305.31,412200,125848782.0,76767.76,87392.75,125966468.9,0,125966468.9,29170563.25
000503,国新健康,2016-05-27,买入,328.06,383200,125712592.0,13828.39,,240048.52,383200,125952640.52,
000503,国新健康,2016-06-13,卖出,338.82,383200,129835824.0,79199.85,93028.24,129996672.66,0,129996672.66,4030203.76
000503,国新健康,2016-07-11,买入,376.54,344500,129718030.0,14268.98,,264373.68,344500,129982403.68,
000503,国新健康,2016-07-29,卖出,388.18,344500,133728010.0,81574.09,95843.07,133910809.59,0,133910809.59,3914136.93
000503,国新健康,2016-08-10,买入,417.15,320300,133613145.0,14697.45,,282967.15,320300,133896112.15,
000503,国新健康,2016-08-23,卖出,415.93,320300,133222379.0,81265.65,95963.1,133424080.5,0,133424080.5,-486729.1
000503,国新健康,2016-08-29,买入,437.45,304300,133116035.0,14642.76,,293402.73,304300,133409437.73,
000503,国新健康,2016-09-02,卖出,428.09,304300,130267787.0,79463.35,94106.11,130481726.38,0,130481726.38,-2942354.11
000503,国新健康,2016-11-01,买入,436.75,298100,130195175.0,14321.47,,272229.91,298100,130467404.91,
000503,国新健康,2016-11-29,卖出,507.38,298100,151249978.0,92262.49,106583.96,151429945.43,0,151429945.43,20948219.04
000503,国新健康,2017-01-05,买入,386.26,391200,151104912.0,16621.54,,308411.89,391200,151413323.89,
000503,国新健康,2017-02-06,卖出,375.06,391200,146723472.0,89501.32,106122.86,146942382.57,0,146942382.57,-4487562.86
000503,国新健康,2017-02-16,买入,383.02,382800,146620056.0,16128.21,,306198.36,382800,146926254.36,
000503,国新健康,2017-03-02,卖出,365.69,382800,139986132.0,85391.54,101519.75,140206938.82,0,140206938.82,-6735443.75
000503,国新健康,2017-03-07,买入,368.67,379500,139910265.0,15390.13,,281283.69,379500,140191548.69,
000503,国新健康,2017-03-15,卖出,359.83,379500,136555485.0,83298.85,98688.98,136753469.85,0,136753469.85,-3453468.98
000503,国新健康,2017-04-06,买入,315.37,432700,136460599.0,15010.67,,277860.18,432700,136738459.18,
000503,国新健康,2017-04-13,卖出,281.06,432700,121614662.0,74184.94,89195.61,121818337.24,0,121818337.24,-14935132.61
000503,国新健康,2017-04-14,买入,303.38,400700,121564366.0,13372.08,,240599.16,400700,121804965.16,
000503,国新健康,2017-05-08,卖出,267.5,400700,107187250.0,65384.22,78756.3,107362464.94,0,107362464.94,-14455872.3
000503,国新健康,2017-12-07,买入,293.67,364800,107130816.0,11784.39,,219864.55,364800,107350680.55,
000503,国新健康,2018-01-04,卖出,380.48,364800,138799104.0,84667.45,96451.84,138934301.09,0,138934301.09,31571836.16
000503,国新健康,2018-03-07,买入,357.29,388000,138628520.0,15249.14,,290531.96,388000,138919051.96,
000503,国新健康,2018-03-30,卖出,343.37,388000,133227560.0,81268.81,96517.95,133436823.14,0,133436823.14,-5497477.95
000503,国新健康,2018-04-02,买入,377.94,352300,133148262.0,14646.31,,273914.83,352300,133422176.83,
000503,国新健康,2018-04-18,卖出,350.73,352300,123562179.0,75372.93,90019.24,123760720.91,0,123760720.91,-9676102.24
000503,国新健康,2018-05-09,买入,361.32,341800,123499176.0,13584.91,,247960.0,341800,123747136.0,
000503,国新健康,2018-05-25,卖出,349.33,341800,119400994.0,72834.61,86419.52,119576119.39,0,119576119.39,-4184601.52
000503,国新健康,2018-07-04,买入,268.9,443700,119310930.0,13124.2,,252065.19,443700,119562995.19,
000503,国新健康,2018-08-01,卖出,238.71,443700,105915627.0,64608.53,77732.73,106103083.66,0,106103083.66,-13473035.73
000503,国新健康,2018-08-28,买入,174.73,606000,105886380.0,11647.5,,205056.15,606000,106091436.15,
000503,国新健康,2018-10-09,卖出,156.35,606000,94748100.0,57796.34,69443.84,94895359.81,0,94895359.81,-11207723.84
000503,国新健康,2018-10-26,买入,121.26,781000,94704060.0,10417.45,,180882.37,781000,94884942.37,
000503,国新健康,2018-12-12,卖出,161.08,781000,125803480.0,76740.12,87157.57,125907622.24,0,125907622.24,31012262.43
000503,国新健康,2019-01-21,买入,135.52,927200,125654144.0,13821.96,,239656.29,927200,125893800.29,
000503,国新健康,2019-01-25,卖出,126.86,927200,117624592.0,71751.0,85572.96,117792497.29,0,117792497.29,-8115124.96
000503,国新健康,2019-01-28,买入,135.35,868500,117551475.0,12930.66,,228091.62,868500,117779566.62,
000503,国新健康,2019-01-30,卖出,118.55,868500,102960675.0,62806.01,75736.67,103125960.61,0,103125960.61,-14666536.67
000503,国新健康,2019-02-12,买入,130.97,785800,102916226.0,11320.78,,198413.83,785800,103114639.83,
000503,国新健康,2019-03-13,卖出,177.01,785800,139094458.0,84847.62,96168.4,139208024.21,0,139208024.21,36082063.6
000503,国新健康,2019-03-19,买入,200.29,693600,138921144.0,15281.33,,271598.88,693600,139192742.88,
000503,国新健康,2019-04-16,卖出,219.36,693600,152148096.0,92810.34,108091.67,152326884.54,0,152326884.54,13118860.33
000503,国新健康,2019-06-05,买入,158.98,956200,152016676.0,16721.83,,293486.71,956200,152310162.71,
000503,国新健康,2019-06-10,卖出,151.1,956200,144481820.0,88133.91,104855.74,144687172.8,0,144687172.8,-7639711.74
000503,国新健康,2019-06-11,买入,156.53,922400,144383272.0,15882.16,,288018.64,922400,144671290.64,
000503,国新健康,2019-06-18,卖出,145.94,922400,134615056.0,82115.18,97997.34,134820959.45,0,134820959.45,-9866213.34
000503,国新健康,2019-06-19,买入,147.69,911000,134545590.0,14800.01,,260569.44,911000,134806159.44,
000503,国新健康,2019-07-09,卖出,139.37,911000,126966070.0,77449.3,92249.31,127149190.14,0,127149190.14,-7671769.31
000503,国新健康,2019-07-12,买入,144.98,875200,126886496.0,13957.51,,248736.62,875200,127135232.62,
000503,国新健康,2019-07-22,卖出,132.81,875200,116235312.0,70903.54,84861.05,116413145.08,0,116413145.08,-10736045.05
000503,国新健康,2019-07-26,买入,145.68,797500,116179800.0,12779.78,,220565.3,797500,116400365.3,
000503,国新健康,2019-08-06,卖出,123.36,797500,98379600.0,60011.56,72791.34,98540153.75,0,98540153.75,-17872991.34
000503,国新健康,2019-08-19,买入,133.07,739000,98338730.0,10817.26,,190606.49,739000,98529336.49,
000503,国新健康,2019-09-25,卖出,156.97,739000,116000830.0,70760.51,81577.77,116120675.98,0,116120675.98,17580522.23
000503,国新健康,2019-11-15,买入,138.41,837200,115876852.0,12746.45,,231077.53,837200,116107929.53,
000503,国新健康,2019-12-13,卖出,142.09,837200,118957748.0,72564.23,85310.68,119116261.3,0,119116261.3,2995585.32
000503,国新健康,2019-12-18,买入,156.88,757700,118867976.0,13075.48,,235209.82,757700,119103185.82,
000503,国新健康,2019-12-30,卖出,147.25,757700,111571325.0,68058.51,81133.99,111738476.32,0,111738476.32,-7377784.99
000503,国新健康,2020-02-18,买入,134.65,828100,111503665.0,12265.4,,222545.91,828100,111726210.91,
000503,国新健康,2020-03-02,卖出,128.09,828100,106071329.0,64703.51,76968.91,106229171.4,0,106229171.4,-5509304.91
000503,国新健康,2020-03-03,买入,141.13,751100,106002743.0,11660.3,,214768.1,751100,106217511.1,
000503,国新健康,2020-03-12,卖出,126.95,751100,95352145.0,58164.81,69825.11,95508748.29,0,95508748.29,-10720423.11
000503,国新健康,2020-04-09,买入,114.96,829100,95313336.0,10484.47,,184927.83,829100,95498263.83,
000503,国新健康,2020-04-27,卖出,99.82,829100,82760762.0,50484.06,60968.53,82895205.76,0,82895205.76,-12613542.53
000503,国新健康,2020-05-13,买入,94.04,879700,82726988.0,9099.97,,159117.79,879700,82886105.79,
000503,国新健康,2020-05-21,卖出,85.82,879700,75495854.0,46052.47,55152.44,75608919.32,0,75608919.32,-7286286.44
000503,国新健康,2020-05-27,买入,86.6,871300,75454580.0,8300.0,,146039.32,871300,75600619.32,
000503,国新健康,2020-06-30,卖出,95.62,871300,83313706.0,50821.36,59121.36,83408923.96,0,83408923.96,7800004.64
000503,国新健康,2020-07-01,买入,105.33,790200,83231766.0,9155.49,,168002.46,790200,83399768.46,
000503,国新健康,2020-07-16,卖出,102.71,790200,81161442.0,49508.48,58663.97,81279935.98,0,81279935.98,-2128987.97
000503,国新健康,2020-07-21,买入,119.51,678700,81111437.0,8922.26,,159576.72,678700,81271013.72,
000503,国新健康,2020-07-24,卖出,109.27,678700,74161549.0,45238.54,54160.8,74275887.18,0,74275887.18,-7004048.8
000503,国新健康,2020-09-22,买入,98.94,749200,74125848.0,8153.84,,141885.34,749200,74267733.34,
000503,国新健康,2020-09-24,卖出,94.65,749200,70911780.0,43256.19,51410.03,71010409.15,0,71010409.15,-3265478.03
000503,国新健康,2020-10-12,买入,98.77,717500,70867475.0,7795.42,,135138.73,717500,71002613.73,
000503,国新健康,2020-10-19,卖出,91.24,717500,65464700.0,39933.47,47728.89,65559905.26,0,65559905.26,-5450503.89
000503,国新健康,2020-11-06,买入,92.2,709600,65425120.0,7196.76,,127588.5,709600,65552708.5,
000503,国新健康,2020-11-30,卖出,93.17,709600,66113432.0,40329.19,47525.95,66200691.3,0,66200691.3,640786.05
000503,国新健康,2021-01-04,买入,78.03,846700,66068001.0,7267.48,,125422.82,846700,66193423.82,
000503,国新健康,2021-01-11,卖出,65.51,846700,55467317.0,33835.06,41102.54,55558904.76,0,55558904.76,-10641786.54
000503,国新健康,2021-01-18,买入,67.09,826400,55443176.0,6098.75,,109630.01,826400,55552806.01,
000503,国新健康,2021-02-01,卖出,60.09,826400,49658376.0,30291.61,36390.36,49737714.4,0,49737714.4,-5821190.36
000503,国新健康,2021-02-02,买入,64.11,774200,49633962.0,5459.74,,98292.67,774200,49732254.67,
000503,国新健康,2021-02-05,卖出,57.98,774200,44888116.0,27381.75,32841.49,44959026.92,0,44959026.92,-4778687.49
000503,国新健康,2021-02-18,买入,58.6,765600,44864160.0,4935.06,,89931.86,765600,44954091.86,
000503,国新健康,2021-03-10,卖出,58.25,765600,44596200.0,27203.68,32138.74,44658928.18,0,44658928.18,-300098.74
000503,国新健康,2021-03-31,买入,62.27,715700,44566639.0,4902.33,,87386.85,715700,44654025.85,
000503,国新健康,2021-04-23,卖出,65.69,715700,47014333.0,28678.74,33581.07,47073041.1,0,47073041.1,2414112.93
000503,国新健康,2021-05-12,买入,74.35,631800,46974330.0,5167.18,,93543.93,631800,47067873.93,
000503,国新健康,2021-05-25,卖出,72.43,631800,45761274.0,27914.38,33081.56,45826903.55,0,45826903.55,-1246137.56
000503,国新健康,2021-07-13,买入,65.51,698100,45732531.0,5030.58,,89341.97,698100,45821872.97,
000503,国新健康,2021-07-26,卖出,59.47,698100,41516007.0,25324.76,30355.34,41580024.21,0,41580024.21,-4246879.34
000503,国新健康,2021-08-04,买入,59.74,694600,41495404.0,4564.49,,80055.71,694600,41575459.71,
000503,国新健康,2021-08-31,卖出,58.6,694600,40703560.0,24829.17,29393.66,40758786.54,0,40758786.54,-821237.66
000503,国新健康,2021-09-01,买入,59.91,678900,40672899.0,4474.02,,81413.52,678900,40754312.52,
000503,国新健康,2021-09-15,卖出,58.95,678900,40021155.0,24412.9,28886.92,40078155.62,0,40078155.62,-680630.92
000503,国新健康,2021-11-10,买入,52.82,757200,39995304.0,4399.48,,78452.13,757200,40073756.13,
000503,国新健康,2022-01-12,卖出,139.99,757200,106000428.0,64660.26,69059.74,106014219.87,0,106014219.87,65936064.26
000503,国新健康,2022-02-22,买入,108.92,971300,105793996.0,11637.34,,208586.53,971300,106002582.53,
000503,国新健康,2022-03-09,卖出,96.4,971300,93633320.0,57116.33,68753.67,93784790.21,0,93784790.21,-12229429.67
000503,国新健康,2022-03-23,买入,96.67,968200,93595894.0,10295.55,,178600.66,968200,93774494.66,
000503,国新健康,2022-03-31,卖出,90.98,968200,88086836.0,53732.97,64028.52,88211703.69,0,88211703.69,-5573086.52
000503,国新健康,2022-04-06,买入,93.08,945800,88035064.0,9683.86,,166955.83,945800,88202019.83,
000503,国新健康,2022-04-07,卖出,88.18,945800,83400644.0,50874.39,60558.25,83516725.44,0,83516725.44,-4694978.25
000503,国新健康,2022-05-09,买入,74.26,1122400,83349424.0,9168.44,,158133.0,1122400,83507557.0,
000503,国新健康,2022-07-05,卖出,75.93,1122400,85223832.0,51986.54,61154.98,85329978.47,0,85329978.47,1813253.02
000503,国新健康,2022-07-20,买入,79.51,1071000,85155210.0,9367.07,,165401.39,1071000,85320611.39,
000503,国新健康,2022-08-02,卖出,74.53,1071000,79821630.0,48691.19,58058.26,79938340.2,0,79938340.2,-5391638.26
000503,国新健康,2022-08-08,买入,78.46,1016800,79778128.0,8775.59,,151436.6,1016800,79929564.6,
000503,国新健康,2022-08-10,卖出,76.45,1016800,77734360.0,47417.96,56193.55,77838378.64,0,77838378.64,-2099961.55
000503,国新健康,2022-08-11,买入,84.33,921100,77676363.0,8544.4,,153471.24,921100,77829834.24,
000503,国新健康,2022-08-26,卖出,93.52,921100,86141272.0,52546.18,61090.58,86242197.07,0,86242197.07,8403818.42
000503,国新健康,2022-09-14,买入,102.36,840800,86064288.0,9467.07,,168442.0,840800,86232730.0,
000503,国新健康,2022-09-16,卖出,95.79,840800,80540232.0,49129.54,58596.61,80659544.46,0,80659544.46,-5582652.61
000503,国新健康,2022-10-17,买入,90.89,885600,80492184.0,8854.14,,158506.31,885600,80650690.31,
000503,国新健康,2022-11-24,卖出,92.47,885600,81891432.0,49953.77,58807.91,81999984.54,0,81999984.54,1340440.09
000503,国新健康,2022-12-02,买入,98.42,831400,81826388.0,9000.9,,164595.64,831400,81990983.64,
000503,国新健康,2022-12-13,卖出,96.67,831400,80371438.0,49026.58,58027.48,80487007.06,0,80487007.06,-1512977.48
000503,国新健康,2023-01-17,买入,86.52,928400,80325168.0,8835.77,,153003.29,928400,80478171.29,
000503,国新健康,2023-02-17,卖出,89.93,928400,83491012.0,50929.52,59765.29,83593085.78,0,83593085.78,3106078.71
000503,国新健康,2023-03-14,买入,90.37,923100,83420547.0,9176.26,,163362.52,923100,83583909.52,
000503,国新健康,2023-03-30,卖出,89.14,923100,82285134.0,50193.93,59370.19,82398302.58,0,82398302.58,-1194783.19
000503,国新健康,2023-03-31,买入,93.52,879300,82232136.0,9045.53,,157121.05,879300,82389257.05,
000503,国新健康,2023-04-18,卖出,96.93,879300,85230549.0,51990.63,61036.16,85335679.41,0,85335679.41,2937376.84
000503,国新健康,2023-05-09,买入,101.04,842800,85156512.0,9367.22,,169800.2,842800,85326312.2,
000503,国新健康,2023-05-23,卖出,98.77,842800,83243356.0,50778.45,60145.67,83362377.75,0,83362377.75,-1973301.67
000503,国新健康,2023-05-29,买入,112.59,738900,83192751.0,9151.2,,160475.55,738900,83353226.55,
000503,国新健康,2023-06-15,卖出,111.02,738900,82032678.0,50039.93,59191.13,82143113.61,0,82143113.61,-1219264.13
000503,国新健康,2023-07-19,买入,103.84,789400,81971296.0,9016.84,,162800.77,789400,82134096.77,
000503,国新健康,2023-08-16,卖出,98.42,789400,77692748.0,47392.58,56409.42,77808156.2,0,77808156.2,-4334957.42
000503,国新健康,2023-09-04,买入,98.42,788900,77643538.0,8540.79,,156077.41,788900,77799615.41,
000503,国新健康,2023-09-08,卖出,92.47,788900,72949583.0,44499.25,53040.04,73061161.16,0,73061161.16,-4746995.04
000503,国新健康,2023-09-27,买入,93.52,779600,72908192.0,8019.9,,144949.26,779600,73053141.26,
000503,国新健康,2023-10-20,卖出,85.99,779600,67037804.0,40893.06,48912.96,67141860.2,0,67141860.2,-5919300.96
000503,国新健康,2023-10-31,买入,88.53,756800,66999504.0,7369.95,,134986.25,756800,67134490.25,
000503,国新健康,2023-12-01,卖出,123.1,756800,93162080.0,56828.87,64198.82,93240237.38,0,93240237.38,26098377.18
000503,国新健康,2024-02-20,买入,83.1,1119700,93047070.0,10235.18,,182932.21,1119700,93230002.21,
000503,国新健康,2024-03-27,卖出,81.61,1119700,91378717.0,55741.02,65976.2,91505908.19,0,91505908.19,-1734329.2
000503,国新健康,2024-04-26,买入,73.21,1247400,91322154.0,10045.44,,173708.75,1247400,91495862.75,
000503,国新健康,2024-06-04,卖出,67.17,1247400,83787858.0,51110.59,61156.03,83910456.16,0,83910456.16,-7595452.03
000503,国新健康,2024-07-02,买入,57.81,1448500,83737785.0,9211.16,,163460.0,1448500,83901245.0,
000503,国新健康,2024-08-12,卖出,58.16,1448500,84244760.0,51389.3,60600.46,84356830.7,0,84356830.7,446374.54
000503,国新健康,2024-08-30,买入,58.42,1441000,84183220.0,9260.15,,164350.55,1441000,84347570.55,
000503,国新健康,2024-11-01,卖出,116.45,1441000,167804450.0,102360.71,111620.86,167866439.83,0,167866439.83,83509609.14
000503,国新健康,2025-01-15,买入,88.18,1899800,167524364.0,18427.68,,323648.15,1899800,167848012.15,
000503,国新健康,2025-02-28,卖出,96.93,1899800,184147614.0,112330.04,130757.72,184358932.11,0,184358932.11,16492492.28
000503,国新健康,2025-03-13,买入,109.88,1674400,183983072.0,20238.14,,355621.97,1674400,184338693.97,
000503,国新健康,2025-03-24,卖出,95.44,1674400,159804736.0,97480.89,117719.03,160062877.08,0,160062877.08,-24296055.03
000503,国新健康,2025-04-23,买入,89.84,1778000,159735520.0,17570.91,,309786.17,1778000,160045306.17,
000503,国新健康,2025-05-23,卖出,87.48,1778000,155539440.0,94879.06,112449.97,155754347.11,0,155754347.11,-4308529.97
000503,国新健康,2025-05-29,买入,88.88,1748900,155442232.0,17098.65,,295016.47,1748900,155737248.47,
000503,国新健康,2025-05-30,卖出,86.87,1748900,151926943.0,92675.44,109774.09,152129284.03,0,152129284.03,-3625063.09
000503,国新健康,2025-06-05,买入,88.88,1708200,151824816.0,16700.73,,287767.3,1708200,152112583.3,
000503,国新健康,2025-06-18,卖出,85.99,1708200,146888118.0,89601.75,106302.48,147086283.55,0,147086283.55,-5043000.48
000503,国新健康,2025-06-24,买入,87.3,1681400,146786220.0,16146.48,,283917.07,1681400,147070137.07,
000503,国新健康,2025-07-30,卖出,91.94,1681400,154587916.0,94298.63,110445.11,154777534.44,0,154777534.44,7691250.89
000503,国新健康,2025-08-19,买入,95.53,1616900,154462457.0,16990.87,,298086.57,1616900,154760543.57,
000503,国新健康,2025-08-28,卖出,93.08,1616900,150501052.0,91805.64,108796.51,150707332.93,0,150707332.93,-4070201.51
000503,国新健康,2025-09-18,买入,90.63,1659500,150400485.0,16544.05,,290303.87,1659500,150690788.87,
000503,国新健康,2025-10-13,卖出,85.73,1659500,142268935.0,86784.05,103328.1,142472454.82,0,142472454.82,-8234878.1
000503,国新健康,2025-10-28,买入,84.76,1677500,142184900.0,15640.34,,271914.48,1677500,142456814.48,
000503,国新健康,2025-10-30,卖出,82.75,1677500,138813125.0,84676.01,100316.35,139000363.48,0,139000363.48,-3472091.35
000503,国新健康,2025-10-31,买入,85.11,1629900,138720789.0,15259.29,,264315.19,1629900,138985104.19,
000503,国新健康,2025-11-21,卖出,82.84,1629900,135020916.0,82362.76,97622.05,135202868.43,0,135202868.43,-3797495.05
000503,国新健康,2025-11-25,买入,86.95,1551800,134929010.0,14842.19,,259016.24,1551800,135188026.24,
000503,国新健康,2025-12-03,卖出,83.71,1551800,129901178.0,79239.72,94081.91,130080954.52,0,130080954.52,-5121913.91
000503,国新健康,2026-01-06,买入,78.11,1662000,129818820.0,14280.07,,247854.45,1662000,130066674.45,
000503,国新健康,2026-01-22,卖出,85.03,1662000,141319860.0,86205.11,100485.18,141481509.34,0,141481509.34,11400554.82
